ID,Station Name,River Basin,County,Longitude,Latitude,ElevationFeet,Operator,Map
130,SAN JOAQUIN R - MONITORING WELL #130,SAN JOAQUIN R,FRESNO,-120.539028,37.023313,130,US Bureau of Reclamation,
142,SAN JOAQUIN R - MONITORING WELL #142,SAN JOAQUIN R,FRESNO,-120.6829,37.1861,100,US Bureau of Reclamation,
225,MONITORING WELL MW-17-225,SAN JOAQUIN R,FRESNO,-120.539028,37.023313,116,US Bureau of Reclamation,
49B,SJRRP MW-09-49B,SAN JOAQUIN R,FRESNO,-120.2702,36.7712,171,US Bureau of Reclamation,
AFD,AMERICAN R BELOW FOLSOM DAM,AMERICAN R,SACRAMENTO,-121.1667,38.6883,220,US Geological Survey,
AFO,AMERICAN RIVER AT FAIR OAKS,AMERICAN R,SACRAMENTO,-121.22773,38.63546,72,US Geological Survey,
AHZ,AMERICAN R AT HAZEL AVE BRIDGE,AMERICAN R,SACRAMENTO,-121.224,38.636,100,US Geological Survey,
ALN,ALAMEDA CK NR NILES,ALAMEDA CR,ALAMEDA,-121.960793,37.587158,86,US Geological Survey,
ANC,ANTIOCH (USBR),DELTA,CONTRA COSTA,-121.802965,38.017817,10,US Bureau of Reclamation,
AND,SACRAMENTO RIVER AT ANDERSON,SACRAMENTO R,SHASTA,-122.29536,40.471333,397,CA Dept of Water Resources/North Region Office,
ANH,SAN JOAQUIN RIVER AT ANTIOCH,SAN JOAQUIN R,CONTRA COSTA,-121.802963,38.01783,10,CA Dept of Water Resources/Division of Environmental Service,
AWB,AMERICAN RIVER BELOW WATT AVE BRIDGE,AMERICAN R,SACRAMENTO,-121.387,38.567,50,US Geological Survey,
AWP,AMERICAN RIVER AT WILLIAM B POND PARK,AMERICAN R,SACRAMENTO,-121.332,38.591,45,US Geological Survey,
B01,19N2E07K04M HARRIS RD NR RICHVALE,BUTTE CR,BUTTE,-121.787979,39.511768,93,Butte County,
B02,19N2E07K03M HARRIS RD NR RICHVALE,BUTTE CR,BUTTE,-121.787979,39.511768,93,Butte County,
B03,19N2E07K02M HARRIS RD NR RICHVALE,BUTTE CR,BUTTE,-121.787979,39.511768,93,Butte County,
B04,20N2E24C01M NELSON RD NR ADOBE RD,BUTTE CR,BUTTE,-121.70258,39.581272,150,Butte County,
B05,20N2E24C02M NELSON RD NR ADOBE RD,BUTTE CR,BUTTE,-121.70258,39.581272,150,Butte County,
B06,20N2E24C03M NELSON RD NR ADOBE RD,BUTTE CR,BUTTE,-121.70258,39.581272,150,Butte County,
B07,21N1E13L04M CHICO UNIV FARM,BUTTE CR,BUTTE,-121.814422,39.673446,151,Butte County,
B08,21N1E13L03M CHICO UNIV FARM,BUTTE CR,BUTTE,-121.814422,39.673446,151,Butte County,
B09,21N1E13L02M CHICO UNIV FARM,BUTTE CR,BUTTE,-121.814422,39.673446,151,Butte County,
BAC,BACON ISLAND AT OLD RIVER,DELTA,SAN JOAQUIN,-121.572174,37.969345,0,CA Dept of Water Resources/Operations and Maintenance,
BAS,SOUTH FORK BATTLE CREEK NEAR MANTON,SACRAMENTO R,TEHAMA,-121.980675,40.405804,997,CA Dept of Water Resources/North Region Office,
BBQ,STONEY CK BLW BLACK BUTTE DAM,SACRAMENTO R,TEHAMA,-122.3239,39.8186,366,US Army Corps of Engineers,
BBW,BW-12 IMPORT TO BUTTE CREEK,BUTTE CR,BUTTE,-121.610329,39.885731,"2,882",CA Dept of Water Resources/North Region Office,
BCD,BUTTE CREEK NR DURHAM,BUTTE CR,BUTTE,-121.777481,39.678013,190,CA Dept of Water Resources/North Region Office,
BCK,BUTTE CREEK NR CHICO,BUTTE CR,BUTTE,-121.708862,39.725994,300,US Geological Survey,
BCQ,CHOWCHILLA R BLW BUCHANAN DAM,CHOWCHILLA R,MADERA,-119.9903,37.2156,420,US Army Corps of Engineers,
BDL,BELDON LANDING,SACRAMENTO R,SOLANO,-121.9708,38.1869,0,CA Dept of Water Resources/Division of Environmental Service,
BDT,SAN JOAQUIN R AT BRANDT BRIDGE,SAN JOAQUIN R,SAN JOAQUIN,-121.3231,37.865,0,CA Dept of Water Resources/Operations and Maintenance,
BET,BETHEL ISLAND,DELTA,CONTRA COSTA,-121.632187,38.041092,9,CA Dept of Water Resources/North Central Region Office,
BIC,BIG CHICO CREEK NEAR CHICO,SACRAMENTO R,BUTTE,-121.778603,39.768417,274,CA Dept of Water Resources/North Region Office,
BIR,MIDDLE R AT BACON ISLAND RD,SAN JOAQUIN R,SAN JOAQUIN,-121.53389,37.943056,10,CA Dept of Water Resources/North Central Region Office,
BKS,BARKER SLOUGH PUMPING PLANT (KG000000),DELTA,SOLANO,-121.7965,38.2759,0,CA Dept of Water Resources/Operations and Maintenance,
BLL,BLACKLOCK (NE1),SACRAMENTO R,SOLANO,-121.9069,38.1801,0,CA Dept of Water Resources/Division of Environmental Service,
BLP,BLIND POINT,DELTA,CONTRA COSTA,-121.71904,38.032452,0,CA Dept of Water Resources/North Central Region Office,
BND,SACRAMENTO RIVER AT BEND BRIDGE,SACRAMENTO R,TEHAMA,-122.186661,40.288486,286,US Geological Survey & US Bureau of Reclamation,
BNF,NORTH FORK BATTLE CREEK NEAR MANTON,SACRAMENTO R,TEHAMA,-121.986946,40.424332,998,CA Dept of Water Resources/North Region Office,
BRE,BEAR R AT ROLLINS RESERVOIR,BEAR R,PLACER,-120.953,39.133,"1,945","Pacific Gas and Electric Company, Auburn",
BSF,SACRAMENTO RIVER AT BALLS FERRY BRIDGE,SACRAMENTO R,TEHAMA,-122.193,40.417,360,US Bureau of Reclamation,
BSO,BUTTE SLOUGH AT OUTFALL GATES,SACRAMENTO R,SUTTER,-121.936569,39.19516,50,CA Dept of Water Resources/North Region Office,
BTG,BUTTE CK AT COLUSA/GRIDLEY RD,BUTTE CR,BUTTE,-121.892662,39.361801,60,CA Dept of Water Resources/North Region Office,
BWC,BUTTE CREEK NR WESTERN CANAL,BUTTE CR,BUTTE,-121.83651,39.555721,204,CA Dept of Water Resources,
C12,CAL AQUEDUCT CHECK 12 (KA006633),SAN JOAQUIN R,MERCED,-121.058,37.118,224,CA Dept of Water Resources/Operations and Maintenance,
C13,CAL AQUEDUCT CHECK 13 (KA007089),SAN JOAQUIN R,MERCED,-121.0151,37.0742,204,CA Dept of Water Resources/Operations and Maintenance,
C18,CAL AQUEDUCT CHECK 18 (KA014321),KINGS R,FRESNO,-120.229,36.326,321,CA Dept of Water Resources/Operations and Maintenance,
C21,CAL AQUEDUCT CHECK 21 (KA017226),KINGS R,KINGS,-119.9769,36.0142,320,CA Dept of Water Resources/Operations and Maintenance,
C29,CAL AQUEDUCT CHECK 29 (KA024454),KERN R,KERN,-119.3299,35.232,291,CA Dept of Water Resources/Operations and Maintenance,
C41,CAL AQUEDUCT CHECK 41 (KA030341),MOJAVE R,KERN,-118.7119,34.834,"3,280",CA Dept of Water Resources/Operations and Maintenance,
C66,CAL AQUEDUCT CHECK 66 (KA040341),MOJAVE R,SAN BERNARDINO,-117.3036,34.336,"3,448",CA Dept of Water Resources/Operations and Maintenance,
CBD,CHERRY CK BL DION R PH NR MATHER,TUOLUMNE R,TUOLUMNE,-119.969902,37.890202,"2,150",US Geological Survey,
CBV,CHERRY CK BL VALLEY DAM NR HETCH HETCHY,TUOLUMNE R,TUOLUMNE,-119.917404,37.967701,"4,337",US Geological Survey,
CCR,SACRAMENTO RIVER ABOVE CLEAR CK,SACRAMENTO R,SHASTA,-122.356,40.538,450,US Bureau of Reclamation,
CCS,CACHE SLOUGH,DELTA,SOLANO,-121.742,38.2918,0,US Bureau of Reclamation,
CDM,EF RUSSIAN R BLW COYOTE DAM,RUSSIAN R,MENDOCINO,-123.1864,39.1975,614,US Army Corps of Engineers,
CEI,CHERRY CREEK NEAR EARLY INTAKE,TUOLUMNE R,TUOLUMNE,-119.962685,37.894367,"2,272",US Geological Survey,
CJC,CANYON CK AT JUNCTION CITY,TRINITY R,TRINITY,-123.0492,40.7403,"1,510",US Geological Survey,
CLC,CLIFTON COURT,DELTA,CONTRA COSTA,-121.5574,37.8298,3,CA Dept of Water Resources/Operations and Maintenance,
CLL,COLLINSVILLE,DELTA,SOLANO,-121.850123,38.073981,0,US Bureau of Reclamation,
CLP,STANISLAUS R AT COLLIERVILLE POWERHOUSE,STANISLAUS R,TUOLUMNE,-120.378,38.143,"1,190",CA Dept of Fish and Wildlife,
CML,CARMEL RIVER NEAR CARMEL,CARMEL R,MONTEREY,-121.874,36.539,45,US Geological Survey,
CNT,CONTRA COSTA,DELTA,CONTRA COSTA,-121.702809,37.99495,10,US Bureau of Reclamation,
CPP,CORDELIA PUMPING PLANT (KG002111),DELTA,SOLANO,-122.1347,38.2276,2,CA Dept of Water Resources/Operations and Maintenance,
CRS,MERCED RIVER AT CRESSY,MERCED R,MERCED,-120.663,37.425,165,CA Dept of Water Resources/South Central Region Office,
CSE,COLLINSVILLE ON SACRAMENTO RIVER,DELTA,SOLANO,-121.8501,38.074,0,CA Dept of Water Resources/Division of Environmental Service,
CSO,CASTAIC LAKE OUTLET (CAS00000),SANTA CLARA R,LOS ANGELES,-118.611,34.527,"1,535",CA Dept of Water Resources/Operations and Maintenance,
CYG,CYGNUS-CORDELIA SLOUGH,DELTA,SOLANO,-122.0908,38.1527,0,CA Dept of Water Resources/Division of Environmental Service,
DCH,DEER CREEK AT HWY 32,SACRAMENTO R,TEHAMA,-121.451057,40.26469,50,CA Dept of Water Resources,
DCV,DEER CREEK NR VINA,SACRAMENTO R,TEHAMA,-121.948318,40.014046,479,US Geological Survey,
DGC,TRINITY RIVER AT DOUGLAS CITY,TRINITY R,TRINITY,-122.956665,40.645279,"1,600",US Geological Survey & US Bureau of Reclamation,
DGL,DOUGHTY CUT ABOVE GRANT LINE CANAL,SAN JOAQUIN R,SAN JOAQUIN,-121.425,37.815,18,CA Dept of Water Resources/North Central Region Office,
DLC,DELTA CROSS CHANNEL BTW SAC R & SNODGRAS,SACRAMENTO R,SACRAMENTO,-121.505,38.245,10,US Geological Survey,
DLT,SACRAMENTO RIVER AT DELTA,SACRAMENTO R,SHASTA,-122.417236,40.939594,"1,075",US Geological Survey & US Bureau of Reclamation,
DM2,CHECK 20,SAN JOAQUIN R,FRESNO,-120.439097,36.829918,165,US Bureau of Reclamation,
DM3,CHECK 21,SAN JOAQUIN R,FRESNO,-120.372473,36.780899,164,US Bureau of Reclamation,
DMC,DMC HEADWORKS,DELTA,ALAMEDA,-121.590239,37.781567,200,US Bureau of Reclamation,
DNB,SAN JOAQUIN R AT DONNY BRIDGE,SAN JOAQUIN R,MADERA,-119.9658,36.8335,239,US Bureau of Reclamation,
DPC,DEL PUERTO CK - USGS,SAN JOAQUIN R,STANISLAUS,-121.2081,37.4867,43,US Geological Survey,
DSJ,DUTCH SLOUGH AT JERSEY ISLAND,SAN JOAQUIN R,CONTRA COSTA,-121.671,38.013,10,US Geological Survey,
DV7,DEL VALLE CHECK 7 (KB001638),EAST BAY,ALAMEDA,-121.7419,37.6547,500,CA Dept of Water Resources/Operations and Maintenance,
DVC,DEVIL CANYON HEADWORKS (KA041288),SANTA ANA R,SAN BERNARDINO,-117.3307,34.2235,"2,296",CA Dept of Water Resources/Operations and Maintenance,
DVD,DEER CREEK BELOW STANFORD VINA DAM,SACRAMENTO R,TEHAMA,-122.034363,39.963615,335,CA Dept of Water Resources/North Region Office,
DWS,SACRAMENTO DEEP WATER SHIPPING CHANNEL,SACRAMENTO R,YOLO,-121.66667,38.25611,0,US Geological Survey,
EBM,EASTSIDE BYPASS BLW MARIPOSA BYPASS,SAN JOAQUIN R,MERCED,-120.6981,37.205,115,CA Dept of Water Resources/South Central Region Office,
ECK,ELEANOR CK NR HETCH HETCHY,TUOLUMNE R,TUOLUMNE,-119.882126,37.96909,"4,500",US Geological Survey,
EFD,EARL LAKE NR FORT DICK,SMITH R,DEL NORTE,-124.1886,41.8428,10,CA Dept of Water Resources/North Central Region Office,
EMM,EMMATON (USBR),DELTA,SACRAMENTO,-121.738924,38.084272,0,US Bureau of Reclamation,
EW3,EASTSIDE WELL MW-3,MERCED R,MERCED,-120.70306,37.4775,164,Eastside Water District,
FAL,FALSE RIVER NEAR OAKLEY,DELTA,CONTRA COSTA,-121.6669,38.0558,0,USGS and DWR,
FAR,TRUCKEE RIVER AT FARAD,TRUCKEE R,NEVADA,-120.034088,39.427963,"5,153",US Geological Survey,
FCT,FISHERMANS CUT,SAN JOAQUIN R,SAN JOAQUIN,-121.648838,38.067822,4,CA Dept of Water Resources/North Central Region Office,
FFB,SAN JOAQUIN R AT FREMONT FORD BRIDGE,SAN JOAQUIN R,MERCED,-120.931038,37.30994,65,US Geological Survey,
FHH,FALLS CK NR HETCH HETCHY,TUOLUMNE R,TUOLUMNE,-119.7633,37.9708,"5,350",City and County of San Francisco,
FLT,GOODYEAR SLOUGH OUTFALL @ NAVAL FLEET,DELTA,SOLANO,-122.102048,38.080379,0,CA Dept of Water Resources/Division of Environmental Service,
FOW,FEATHER R OWA SO BOUNDARY NR GRIDLEY,FEATHER R,BUTTE,-121.6194,39.4025,100,CA Dept of Water Resources/North Region Office,
FPT,SACRAMENTO RIVER AT FREEPORT,SACRAMENTO R,SACRAMENTO,-121.5,38.45,0,US Geological Survey,
FRA,FEATHER RIVER AT MILE 61.6,FEATHER R,BUTTE,-121.597,39.468,125,CA Dept of Water Resources/O&M Oroville Field Division,
FRK,FRANK'S TRACT MID TRACT,DELTA,CONTRA COSTA,-121.5981,38.046417,0,CA Dept of Water Resources/Division of Environmental Service,
FRP,FARRAR PARK,DELTA,SAN JOAQUIN,-121.639129,38.011698,0,US Bureau of Reclamation,
FS1,MERCED RIVER AT FERGUSON SLIDE UPSTREAM,MERCED R,MARIPOSA,-119.897264,37.655171,"1,385",CA Dept of Transportation,
FS2,MERCED RIVER AT FERGUSON SLIDE DOWNSTRM,MERCED R,MARIPOSA,-119.900683,37.660086,"1,371",CA Dept of Transportation,
FWQ,SAN JOAQUIN R AT FRIANT DAM-WQ,SAN JOAQUIN R,FRESNO,-119.7061,36.9993,330,US Bureau of Reclamation,
GCT,GRANTLINE CANAL AT TRACY RD BRIDGE,SAN JOAQUIN R,SAN JOAQUIN,-121.44986,37.820145,25,CA Dept of Water Resources,
GDC,STANISLAUS R AT GOODWIN CANYON,STANISLAUS R,TUOLUMNE,-120.635,37.858,400,CA Dept of Fish and Wildlife,
GES,SACRAMENTO RIVER BELOW GEORGIANA SLOUGH,SACRAMENTO R,SACRAMENTO,-121.5234,38.2389,0,US Geological Survey,
GLC,GRANTLINE CANAL (USGS),SAN JOAQUIN R,SAN JOAQUIN,-121.5485,37.8196,10,USGS and DWR,
GLE,GRANT LINE CANAL EAST,SAN JOAQUIN R,SAN JOAQUIN,-121.434856,37.820258,6,CA Dept of Water Resources/North Central Region Office,
GLN,GREEN'S LANDING,SACRAMENTO R,SACRAMENTO,-121.546,38.345,5,US Bureau of Reclamation,
GMB,STANISLAUS R AT GAMBINI PROPERTY,STANISLAUS R,STANISLAUS,-120.888,37.772,98,CA Dept of Fish and Wildlife,
GNF,GIANT FOREST (USACE),KAWEAH R,TULARE,-118.765,36.562,"6,650",US Army Corps of Engineers,
GOD,GODFATHER II ON SUISUN SLOUGH,DELTA,SOLANO,-122.0812,38.1238,0,CA Dept of Water Resources/Division of Environmental Service,
GRF,SAN JOAQUIN RIVER AT GRAVELLY FORD,SAN JOAQUIN R,FRESNO,-120.16,36.798,170,US Bureau of Reclamation,
GRL,FEATHER RIVER NEAR GRIDLEY,FEATHER R,BUTTE,-121.647369,39.366577,92,CA Dept of Water Resources/Operations and Maintenance,
GSS,GEORGIANA SLOUGH AT SACRAMENTO RIVER,SACRAMENTO R,SACRAMENTO,-121.518,38.237,10,US Geological Survey,
GVI,GRASS VALLEY CREEK INFLOW,TRINITY R,TRINITY,-122.752,40.621,"2,750",US Bureau of Reclamation,
GVO,GRASS VALLEY CREEK,TRINITY R,TRINITY,-122.76,40.625,"2,715",US Bureau of Reclamation,
GVT,GRASS VALLEY CK NR LEWISTON H2O TEMP,TRINITY R,TRINITY,-122.86,40.6867,"1,680",US Bureau of Reclamation,
GYS,GOODYEAR SLOUGH,DELTA,SOLANO,-122.095,38.118,0,CA Dept of Water Resources/Division of Environmental Service,
GZB,GRIZZLY BAY BUOY,DELTA,SOLANO,-122.007582,38.123145,0,CA Dept of Water Resources/North Central Region Office,
GZL,GRIZZLY BAY,DELTA,SOLANO,-122.038117,38.12425,0,CA Dept of Water Resources/Division of Environmental Service,
H41,SAN JOAQUIN R AT HWY 41,SAN JOAQUIN R,MADERA,-119.7932,36.8762,260,US Bureau of Reclamation,
HBP,HARVEY O BANKS PUMPING P (KA000331),DELTA,CONTRA COSTA,-121.620278,37.801944,4,CA Dept of Water Resources/Operations and Maintenance,
HEA,RUSSIAN RIVER NEAR HEALDSBURG,RUSSIAN R,SONOMA,-122.83638,38.613243,108,USGS and DWR,
HIQ,FRESNO R BLW HIDDEN DAM,FRESNO R,MADERA,-119.8869,37.1044,385,US Army Corps of Engineers,
HLL,HOLLAND TRACT,DELTA,CONTRA COSTA,-121.580617,38.006986,0,US Bureau of Reclamation,
HLT,MIDDLE RIVER NEAR HOLT,SAN JOAQUIN R,SAN JOAQUIN,-121.5108,38.0031,0,USGS and DWR,
HOL,HOLLAND CUT NEAR BETHEL ISLAND,SAN JOAQUIN R,SAN JOAQUIN,-121.5819,38.0164,0,USGS and DWR,
HON,HONKER BAY,DELTA,SOLANO,-121.9392,38.0724,0,CA Dept of Water Resources/Division of Environmental Service,
HOP,RUSSIAN RIVER NEAR HOPLAND,RUSSIAN R,MENDOCINO,-123.130562,39.026562,498,USGS/USACE,
HPA,TRINITY RIVER AT HOOPA,TRINITY R,HUMBOLDT,-123.673668,41.04985,330,USGS and DWR,
HSP,HOSPITAL CREEK,SAN JOAQUIN R,STANISLAUS,-121.2308,37.6105,50,West Stanislaus ID / SJVDA,
HUN,HUNTER CUT AT MONTEZUMA SLOUGH,DELTA,SOLANO,-122.0527,38.156,0,CA Dept of Water Resources/Division of Environmental Service,
HWB,MINER SLOUGH AT HWY 84 BRIDGE,SACRAMENTO R,SOLANO,-121.6308,38.2917,0,US Geological Survey,
IBS,IBIS,DELTA,SOLANO,-122.113,38.157,0,CA Dept of Water Resources/Division of Environmental Service,
IGO,CLEAR CREEK NEAR IGO,SACRAMENTO R,SHASTA,-122.524178,40.513206,673,US Geological Survey & US Bureau of Reclamation,
ING,INGRAM CREEK,SAN JOAQUIN R,STANISLAUS,-121.2251,37.6002,25,West Stanislaus ID / SJVDA,
JER,JERSEY POINT,DELTA,CONTRA COSTA,-121.688971,38.052155,0,US Bureau of Reclamation,
JLF,SACRAMENTO RIVER AT JELLYS FERRY,SACRAMENTO R,TEHAMA,-122.1897,40.3172,310,US Bureau of Reclamation,
JMP,STANISLAUS R AT JACOB MEYERS PARK,STANISLAUS R,SAN JOAQUIN,-120.942,37.743,98,CA Dept of Fish and Wildlife,
KA0,CLIFTON COURT (KA000000) TEST SITE,DELTA,CONTRA COSTA,-121.5574,37.8298,3,CA Dept of Water Resources/Operations and Maintenance,
KBC,SF KINGS R ABV BOYDEN CAVERN,KINGS R,FRESNO,-118.77806,36.80889,"3,779",Kings River Water Association,
KFS,KNIGHTS FERRY AT SONORA ROAD BRIDGE,STANISLAUS R,STANISLAUS,-120.667,37.819,200,CA Dept of Fish and Wildlife,
KKY,KLAMATH R. NR KLAMATH-WATER QUALITY,KLAMATH R,DEL NORTE,-123.9781,41.511,60,Yurok Tribe,
KNK,KLAMATH RIVER NEAR KLAMATH,KLAMATH R,DEL NORTE,-123.979515,41.510956,60,US Geological Survey,
KRG,KELLY RIDGE POWER HOUSE,FEATHER R,BUTTE,-121.491214,39.531758,255,South Feather Water and Power Agency,
KRR,SF KINGS R ABV ROARING R,KINGS R,FRESNO,-118.616571,36.786958,"4,851",Kings River Water Association,
KRT,KINGS R NR TRIMMER,KINGS R,FRESNO,-119.1408,36.8747,942,US Army Corps of Engineers,
KWK,SACRAMENTO RIVER AT KESWICK,SACRAMENTO R,SHASTA,-122.444458,40.600983,596,US Geological Survey & US Bureau of Reclamation,
LAB,LITTLE TRUCKEE R ABV BOCA RESERVOIR,TRUCKEE R,NEVADA,-120.084366,39.435741,"5,619",USGS and DWR,
LFH,LEWISTON FISH HATCHERY,TRINITY R,TRINITY,-122.793,40.727,"1,870",US Bureau of Reclamation,
LIB,LIBERTY ISLAND @ APPROX CNTR S END,SACRAMENTO R,SOLANO,-121.6849,38.2421,0,US Geological Survey,
LIS,YOLO BYPASS AT LISBON,SACRAMENTO R,YOLO,-121.588226,38.474781,0,CA Dept of Water Resources/North Central Region Office,
LON,LOON LAKE (SMUD),AMERICAN R,EL DORADO,-120.323,38.983,"6,410",Sacramento Municipal Utility District,
LPS,LITTLE POTATO SLOUGH AT TERMINOUS,SAN JOAQUIN R,SAN JOAQUIN,-121.4961,38.0964,0,US Geological Survey,
LTK,LITTLE TRUCKEE R BL BOCA RES,TRUCKEE R,NEVADA,-120.095474,39.386852,"5,500",US Geological Survey,
LWS,LEWISTON (WATER QUALITY),TRINITY R,TRINITY,-122.803635,40.719311,"1,830",US Geological Survey & US Bureau of Reclamation,
M59,MERCED RIVER NEAR HWY 59 BRIDGE SNELLING,MERCED R,MERCED,-120.50275,37.4697,200,CA Dept of Fish and Wildlife,
MAB,MIDDLE RIVER ABOVE BARRIER,SAN JOAQUIN R,SAN JOAQUIN,-121.472763,37.885181,7,CA Dept of Water Resources/North Central Region Office,
MAL,SACRAMENTO RIVER AT MALLARD ISLAND,SACRAMENTO R,CONTRA COSTA,-121.92009,38.042805,0,CA Dept of Water Resources/Division of Environmental Service,
MBC,MERCED RIVER AT BRICEBURG,MERCED R,MARIPOSA,-120.02215,37.62078,991,CA Dept of Fish and Wildlife,
MCH,MILL CREEK BELOW HWY 99,SACRAMENTO R,TEHAMA,-122.10463,40.040058,230,CA Dept of Water Resources/North Region Office,
MDL,MUD LAKE,MOKELUMNE R,AMADOR,-120.14,38.615,"7,900",Sacramento Municipal Utility District,
MDM,MIDDLE RIVER AT MIDDLE RIVER,DELTA,SAN JOAQUIN,-121.534,37.943,10,US Geological Survey,
MGS,MERCED RIVER NEAR G ST IN SNELLING,MERCED R,MERCED,-120.4524,37.50383,250,CA Dept of Fish and Wildlife,
MHA,MERCED RIVER NEAR HAGAMAN PARK,MERCED R,MERCED,-120.83588,37.3708,56,CA Dept of Fish and Wildlife,
MHO,MIDDLE RIVER NEAR HOWARD ROAD BRIDGE,DELTA,SAN JOAQUIN,-121.383306,37.876222,0,CA Dept of Water Resources/North Central Region Office,
MHR,MIDDLE RIVER AT HOWARD ROAD BRIDGE,SAN JOAQUIN R,SAN JOAQUIN,-121.384,37.877,20,CA Dept of Water Resources/North Central Region Office,
MHT,MERCED RIVER AT MERCED RIVER HATCHERY,MERCED R,MERCED,-120.37148,37.51459,300,CA Dept of Fish and Wildlife,
MIR,MINER SLOUGH NEAR SACRAMENTO RIVER,SACRAMENTO R,SOLANO,-121.666055,38.236027,5,CA Dept of Water Resources/North Central Region Office,
MLK,MERCED LAKE,MERCED R,MARIPOSA,-119.4057,37.7386,"7,300",CA Dept of Water Resources/Snow Surveys,
MLM,MILL CREEK NR LOS MOLINOS,SACRAMENTO R,TEHAMA,-122.024155,40.054604,385,US Geological Survey,
MMS,MERCED RIVER BELOW MCSWAIN DAM,MERCED R,MARIPOSA,-120.31111,37.52239,350,CA Dept of Fish and Wildlife,
MNE,MERCED RIVER BELOW NEW EXCHEQUER DAM,MERCED R,MARIPOSA,-120.2831,37.57927,414,CA Dept of Fish and Wildlife,
MOD,TUOLUMNE RIVER AT MODESTO,TUOLUMNE R,STANISLAUS,-120.987991,37.626877,90,US Geological Survey,
MOK,MOKELUMNE R AT SAN JOAQUIN RIVER,MOKELUMNE R,SAN JOAQUIN,-121.5711,38.1061,0,USGS and DWR,
MRB,SAN JOAQUIN R AT MAZE RD BRIDGE,SAN JOAQUIN R,STANISLAUS,-121.2276,37.6414,39,CA Dept of Water Resources,
MRE,MATTOLE RIVER NEAR ETTERSBURG,MATTOLE R,HUMBOLDT,-123.991425,40.139309,626,US Geological Survey,
MRU,MIDDLE RIVER AT UNDINE ROAD,SAN JOAQUIN R,SAN JOAQUIN,-121.386,37.8339,0,CA Dept of Water Resources/North Central Region Office,
MRX,MIDDLE RIVER NEAR TRACY BLVD,SAN JOAQUIN R,SAN JOAQUIN,-121.467395,37.881415,13,CA Dept of Water Resources/North Central Region Office,
MRZ,MARTINEZ,EAST BAY,CONTRA COSTA,-122.140488,38.027637,8,CA Dept of Water Resources/Division of Environmental Service,
MSD,SAN JOAQUIN RIVER AT MOSSDALE BRIDGE,SAN JOAQUIN R,SAN JOAQUIN,-121.306,37.786,31,CA Dept of Water Resources/Division of Environmental Service,
MSF,MERCED RIVER NR SANTE FE BRIDGE CRESSEY,MERCED R,MERCED,-120.65454,37.43362,115,CA Dept of Fish and Wildlife,
MSG,MUD SLOUGH NR GUSTINE,SAN JOAQUIN R,MERCED,-120.9056,37.2625,70,US Geological Survey,
MSJ,MERCED RIVER ABV SAN JOAQUIN RIVER CONFL,MERCED R,MERCED,-120.97183,37.3476,52,CA Dept of Fish and Wildlife,
MSL,MONTEZUMA SLOUGH AT ROARING R,DELTA,SOLANO,-121.8872,38.0934,0,CA Dept of Water Resources/Division of Environmental Service,
MSS,MCCLOUD RIVER ABOVE SHASTA LAKE,MC CLOUD R,SHASTA,-122.219,40.958,"1,100",Pacific Gas & Electric,
MST,MERCED RIVER NEAR STEVINSON,MERCED R,MERCED,-120.931,37.371,82,CA Dept of Water Resources/South Central Region Office,
MTB,MIDDLE RIVER AT TRACY BLVD,SAN JOAQUIN R,SAN JOAQUIN,-121.456,37.881,20,CA Dept of Water Resources/North Central Region Office,
MTK,MARTIS CK NR TRUCKEE,TRUCKEE R,NEVADA,-120.117699,39.328796,"5,730",US Army Corps of Engineers,
MUP,MIDDLE RIVER AT UNION POINT,SAN JOAQUIN R,SAN JOAQUIN,-121.488361,37.890778,0,CA Dept of Water Resources/North Central Region Office,
MWR,EASTSIDE BYPASS AT MERCED NWR,SAN JOAQUIN R,MERCED,-120.652117,37.177254,100,US Bureau of Reclamation,
NFA,N FORK AMERICAN R AT AUBURN DAM,AMERICAN R,PLACER,-121.057,38.852,500,US Geological Survey,
NFG,NORTH FORK GUALALA RIVER NEAR GUALALA,GUALALA R,MENDOCINO,-123.502,38.785,30,CA Dept of Water Resources,
NFH,TRINITY R ABV NF TRINITY NR HELENA,TRINITY R,TRINITY,-123.114479,40.766533,"1,410",US Geological Survey & US Bureau of Reclamation,
NGQ,CALAVERAS R BLW NEW HOGAN DAM,CALAVERAS R,CALAVERAS,-120.8239,38.1481,520,US Army Corps of Engineers,
NMR,NORTH MOKELUMNE R AT W WALNUT GROVE RD,MOKELUMNE R,SAN JOAQUIN,-121.5071,38.2232,0,US Geological Survey,
NMT,NEW MELONES POWERHOUSE TAILRACE,STANISLAUS R,TUOLUMNE,-120.532,37.946,"1,135",CA Dept of Fish and Wildlife,
NRW,SANTA YNEZ R AT NARROWS NR LOMPOC,SANTA YNEZ R,SANTA BARBARA,-120.424,34.637,85,US Geological Survey,
NSL,NATIONAL STEEL,SACRAMENTO R,SOLANO,-121.8881,38.1221,0,CA Dept of Water Resources/Division of Environmental Service,
NTR,NF TRINITY RIVER AT HELENA,TRINITY R,TRINITY,-123.127,40.782,"1,345",US Geological Survey & US Bureau of Reclamation,
OAD,OLD RIVER NEAR DMC ABOVE DAM,SAN JOAQUIN R,SAN JOAQUIN,-121.542107,37.810322,4,CA Dept of Water Resources/North Central Region Office,
OBB,STANISLAUS R AT ORANGE BLOSSOM BRIDGE,STANISLAUS R,STANISLAUS,-120.75,37.783,117,CA Dept of Water Resources/South Central Region Office,
OBD,OLD RIVER NEAR DMC BELOW DAM,SAN JOAQUIN R,SAN JOAQUIN,-121.543938,37.810963,4,CA Dept of Water Resources/North Central Region Office,
OBI,OLD RIVER AT BACON ISLAND (USGS),DELTA,SAN JOAQUIN,-121.57222,37.969368,10,USGS and DWR,
OBS,STANISLAUS R NEAR ORANGE BLOSSOM BRIDGE,STANISLAUS R,STANISLAUS,-120.765,37.791,200,CA Dept of Fish and Wildlife,
OCL,ORESTIMBA CK AT RIVER RD NR CROWS LNDG,SAN JOAQUIN R,STANISLAUS,-121.016045,37.413548,65,US Geological Survey,
ODM,OLD RIVER AT DELTA MENDOTA CANAL,DELTA,SAN JOAQUIN,-121.542145,37.810295,10,USGS and DWR,
OH1,OLD RIVER AT HEAD,SAN JOAQUIN R,SAN JOAQUIN,-121.331253,37.807552,15,CA Dept of Water Resources/North Central Region Office,
OH4,OLD RIVER AT HIGHWAY 4,DELTA,CONTRA COSTA,-121.569168,37.891109,10,US Geological Survey,
OLD,OLD RIVER NEAR TRACY,DELTA,SAN JOAQUIN,-121.449562,37.80481,5,CA Dept of Water Resources/Operations and Maintenance,
ONI,CHECK 13 (O'NEILL INTAKE),SAN JOAQUIN R,MERCED,-121.037378,37.090717,176,US Bureau of Reclamation,
ORA,STANISLAUS R AT OAKDALE REC AREA,STANISLAUS R,STANISLAUS,-120.867,37.771,98,CA Dept of Fish and Wildlife,
ORF,OROVILLE FISH HATCH.,FEATHER R,BUTTE,-121.55,39.517,171,National Weather Service,
ORI,OLD RIVER AT CLIFTON COURT INTAKE,SAN JOAQUIN R,CONTRA COSTA,-121.5526,37.828,0,CA Dept of Water Resources/North Central Region Office,
ORM,OLD RIVER UPSTREAM OF MOUNTAIN HOUSE CRK,SAN JOAQUIN R,SAN JOAQUIN,-121.51738,37.79384,5,CA Dept of Water Resources/North Central Region Office,
ORQ,OLD RIVER AT QUIMBLY IS NEAR BETHEL IS,SAN JOAQUIN R,SAN JOAQUIN,-121.5645,38.0272,0,USGS and DWR,
ORX,OLD RIVER ABOVE DOUGHTY CUT,SAN JOAQUIN R,SAN JOAQUIN,-121.386576,37.810997,8,CA Dept of Water Resources/North Central Region Office,
OSJ,OLD RIVER AT FRANKS TRACT NEAR TERMINOUS,DELTA,SAN JOAQUIN,-121.5789,38.0711,0,USGS and DWR,
PBS,PARKS CK NR BIG SPRINGS,SHASTA R,SISKIYOU,-122.43309,41.579342,"2,596",CA Dept of Water Resources/North Region Office,
PCO,PARADISE CUT ABV OLD R,DELTA,SAN JOAQUIN,-121.412306,37.801944,26,CA Dept of Water Resources/North Central Region Office,
PCT,PORT CHICAGO,DELTA,CONTRA COSTA,-121.999971,38.056788,0,US Bureau of Reclamation,
PDC,PARADISE CUT,SAN JOAQUIN R,SAN JOAQUIN,-121.412256,37.80206,8,CA Dept of Water Resources/North Central Region Office,
PM1,PUMPING PLANT 1,SACRAMENTO R,SUTTER,-121.634148,38.931854,34,CA Dept of Water Resources/Sutter Maintenance Yard,
PMN,PIT RIVER NEAR MONTGOMERY CREEK,PIT R,SHASTA,-122.016,40.843,"1,036",US Bureau of Reclamation,
PPP,PACHECO PUMPING PLANT (SLR00000),SAN JOAQUIN R,MERCED,-121.1806,37.0619,548,CA Dept of Water Resources/Operations and Maintenance,
PPT,PRISONERS POINT,DELTA,SAN JOAQUIN,-121.562,38.066,0,CA Dept of Water Resources/Division of Environmental Service,
PRI,SAN JOAQUIN R AT PRISONERS PT NR TERMINO,SAN JOAQUIN R,SAN JOAQUIN,-121.5572,38.0594,0,US Geological Survey,
PSC,PASCOES,KERN R,TULARE,-118.35,35.967,"9,150",US Army Corps of Engineers,
PTG,PEAR TREE GULCH,TRINITY R,TRINITY,-123.116,40.766,"1,350",US Bureau of Reclamation,
PTK,PROSSER CREEK NEAR TRUCKEE,TRUCKEE R,NEVADA,-120.131584,39.373241,"5,602",US Geological Survey,
PTS,PITTSBURG,DELTA,CONTRA COSTA,-121.892482,38.042975,10,US Bureau of Reclamation,
Q01,WQ01,EEL R,MENDOCINO,-123.326,39.37687,"1,454",CA Dept of Transportation,
Q03,WQ03,EEL R,MENDOCINO,-123.328,39.37711,"1,447",CA Dept of Transportation,
Q04,WQ04,EEL R,MENDOCINO,-123.342,39.39646,"1,383",CA Dept of Transportation,
Q05,WQ05,EEL R,MENDOCINO,-123.341,39.39896,"1,360",CA Dept of Transportation,
Q06,WQ06,EEL R,MENDOCINO,-123.343,39.40728,"1,363",CA Dept of Transportation,
Q07,WQ07,EEL R,MENDOCINO,-123.341,39.41096,"1,352",CA Dept of Transportation,
Q08,WQ08,EEL R,MENDOCINO,-123.34,39.40978,"1,361",CA Dept of Transportation,
Q09,WQ09,EEL R,MENDOCINO,-123.34,39.41096,"1,338",CA Dept of Transportation,
Q10,WQ10,EEL R,MENDOCINO,-123.341,39.41942,"1,350",CA Dept of Transportation,
Q11,WQ11,EEL R,MENDOCINO,-123.341,39.42124,"1,361",CA Dept of Transportation,
Q12,WQ12,EEL R,MENDOCINO,-123.341,39.41833,"1,358",CA Dept of Transportation,
Q13,WQ13,EEL R,MENDOCINO,-123.343,39.42057,"1,342",CA Dept of Transportation,
Q14,WQ14,EEL R,MENDOCINO,-123.344,39.4225,"1,340",CA Dept of Transportation,
Q15,WQ15,EEL R,MENDOCINO,-123.358,39.42767,"1,334",CA Dept of Transportation,
Q17,WQ17,EEL R,MENDOCINO,-123.355,39.43056,"1,343",CA Dept of Transportation,
R31,SAN JOAQUIN R - MONITORING WELL #R3-1,SAN JOAQUIN R,MADERA,-120.4636,36.8901,135,US Bureau of Reclamation,
R37,SAN JOAQUIN R - MONITORING WELL #R3-7,SAN JOAQUIN R,MADERA,-120.4076,36.8352,165,US Bureau of Reclamation,
RCL,RUSH CREEK NEAR LEWISTON,TRINITY R,TRINITY,-122.834,40.725,"1,700",US Geological Survey & US Bureau of Reclamation,
RCS,RIDGE CUT SLOUGH AT KNIGHTS LANDING,SACRAMENTO R,YOLO,-121.725349,38.793556,0,CA Dept of Water Resources/North Central Region Office,
RDB,SACRAMENTO R AT RED BLUFF DIVERSION DAM,SACRAMENTO R,TEHAMA,-122.20195,40.154362,236,US Bureau of Reclamation,
RDR,CARMEL RIVER AT ROBLES DEL RIO,CARMEL R,MONTEREY,-121.728,36.474,269,US Geological Survey,
RIP,STANISLAUS RIVER AT RIPON,STANISLAUS R,SAN JOAQUIN,-121.110497,37.729652,73,US Geological Survey,
RIV,RIO VISTA,DELTA,SOLANO,-121.684543,38.159203,0,US Bureau of Reclamation,
ROR,ROARING RIVER,DELTA,SOLANO,-121.889,38.092,10,CA Dept of Water Resources/Division of Environmental Service,
RPN,RIPON,STANISLAUS R,SAN JOAQUIN,-121.110135,37.729859,35,US Bureau of Reclamation,
RRI,ROUGH AND READY ISLAND,SAN JOAQUIN R,SAN JOAQUIN,-121.365,37.963,15,CA Dept of Water Resources/Division of Environmental Service,
RSL,ROCK SLOUGH ABV CONTRA COSTA CANAL,DELTA,CONTRA COSTA,-121.637596,37.976311,10,CA Dept of Water Resources/North Central Region Office,
RVB,SACRAMENTO RIVER AT RIO VISTA BRIDGE,SACRAMENTO R,SOLANO,-121.686355,38.159737,0,CA Dept of Water Resources/Division of Environmental Service,
RYC,SUISUN BAY â€“ CUTOFF NEAR RYER,DELTA,SOLANO,-121.995878,38.083971,0,CA Dept of Water Resources/Division of Environmental Service,
RYI,CACHE SLOUGH AT RYER ISLAND,SACRAMENTO R,SOLANO,-121.6692,38.2128,0,US Geological Survey,
SAC,SACRAMENTO RIVER UPSTREAM OF HWY 44,SACRAMENTO R,SHASTA,-122.36983,40.59258,490,US Bureau of Reclamation,
SAL,SAN ANDREAS LANDING,DELTA,SAN JOAQUIN,-121.591315,38.103301,0,US Bureau of Reclamation,
SBC,STANISLAUS R BEFORE CONF OF SAN JOAQUIN,STANISLAUS R,SAN JOAQUIN,-121.225,37.67,19,CA Dept of Fish and Wildlife,
SCL,SAN JOAQUIN R NR CROWS LANDING,SAN JOAQUIN R,STANISLAUS,-121.013817,37.431881,60,US Geological Survey,
SCQ,TULE R BLW SUCCESS DAM,TULE R,TULARE,-118.9242,36.0567,536,US Army Corps of Engineers,
SDI,SACRAMENTO RIVER AT DECKER ISLAND,SACRAMENTO R,SOLANO,-121.736,38.0934,0,US Geological Survey,
SDP,SAN JOAQUIN R NR DOS PALOS,SAN JOAQUIN R,FRESNO,-120.5015,36.994,116,CA Dept of Water Resources,
SFJ,SCOTT RIVER NEAR FORT JONES,KLAMATH R,SISKIYOU,-123.015038,41.64069,"2,623",USGS and Quartz Valley Tribe,
SGA,SUGAR CUT,SAN JOAQUIN R,SAN JOAQUIN,-121.421495,37.79286,8,CA Dept of Water Resources/North Central Region Office,
SGG,SHAG SLOUGH,SACRAMENTO R,SOLANO,-121.693056,38.318333,0,US Geological Survey,
SHD,SHASTA DAM (WATER QUALITY),SACRAMENTO R,SHASTA,-122.4253,40.7161,580,US Bureau of Reclamation,
SJB,SAN JOAQUIN RIVER BELOW BIFURCATION,SAN JOAQUIN R,MADERA,-120.286,36.773,170,US Bureau of Reclamation,
SJC,SAN JOAQUIN RIVER NEAR BUCKLEY COVE,SAN JOAQUIN R,SAN JOAQUIN,-121.385717,37.980266,10,CA Dept of Water Resources/North Central Region Office,
SJD,SAN JOAQUIN RIVER ABOVE DOS REIS,SAN JOAQUIN R,SAN JOAQUIN,-121.317724,37.822331,7,CA Dept of Water Resources/North Central Region Office,
SJF,SAN JOAQUIN RIVER BELOW FRIANT,SAN JOAQUIN R,FRESNO,-119.724312,36.984394,294,US Geological Survey,
SJG,SAN JOAQUIN RIVER AT GARWOOD BRIDGE,SAN JOAQUIN R,SAN JOAQUIN,-121.329,37.935,13,US Geological Survey,
SJJ,SAN JOAQUIN RIVER AT JERSEY POINT (USGS),SAN JOAQUIN R,CONTRA COSTA,-121.689,38.052,10,US Geological Survey,
SJL,SAN JOAQUIN R BLW OLD R NEAR LATHROP,SAN JOAQUIN R,SAN JOAQUIN,-121.324036,37.81115,10,CA Dept of Water Resources/North Central Region Office,
SJP,SAN JOAQUIN RIVER NEAR PATTERSON,SAN JOAQUIN R,STANISLAUS,-121.081,37.494,97,CA Dept of Water Resources/South Central Region Office,
SJR,SAN JOAQUIN R MCCUNE STATION NR VERNALIS,SAN JOAQUIN R,SAN JOAQUIN,-121.26511,37.67929,32,CA Dept of Water Resources/Division of Environmental Service,
SJS,SAN JOAQUIN RIVER NEAR STEVINSON,SAN JOAQUIN R,MERCED,-120.851,37.295,82,CA Dept of Water Resources/South Central Region Office,
SMR,SOUTH MOKELUMNE R AT W WALNUT GROVE RD,MOKELUMNE R,SAN JOAQUIN,-121.4911,38.2255,0,US Geological Survey,
SNB,SCOTT R. NR SCOTT BAR,SCOTT R,SISKIYOU,-123.035027,41.775417,"1,560",CA Dept of Water Resources,
SNC,SUNRISE CLUB,DELTA,SOLANO,-122.083,38.185,0,CA Dept of Water Resources/Division of Environmental Service,
SOI,SACRAMENTO R DOWNSTREAM OF ISLETON,SACRAMENTO R,SACRAMENTO,-121.656863,38.17548,5,CA Dept of Water Resources/North Central Region Office,
SOK,STANISLAUS RIVER AT OAKDALE,STANISLAUS R,STANISLAUS,-120.852,37.777,120,US Geological Survey,
SP1,SHASTA PENSTOCK #1,SACRAMENTO R,SHASTA,-122.424,40.718,580,US Bureau of Reclamation,
SP2,SHASTA PENSTOCK #2,SACRAMENTO R,SHASTA,-122.424,40.718,580,US Bureau of Reclamation,
SP3,SHASTA PENSTOCK #3,SACRAMENTO R,SHASTA,-122.424,40.718,580,US Bureau of Reclamation,
SP4,SHASTA PENSTOCK #4,SACRAMENTO R,SHASTA,-122.424,40.718,580,US Bureau of Reclamation,
SP5,SHASTA PENSTOCK #5,SACRAMENTO R,SHASTA,-122.424,40.718,580,US Bureau of Reclamation,
SPP,SPRING CREEK POWERHOUSE,SACRAMENTO R,SHASTA,-122.466,40.628,600,US Bureau of Reclamation,
SPU,SHASTA R AT GRENADA PUMP PLANT,SHASTA R,SISKIYOU,-122.47111,41.61,"2,560",CA Dept of Water Resources/North Region Office,
SRG,SHASTA R NR GRENADA,SHASTA R,SISKIYOU,-122.452759,41.607727,"2,560",CA Dept of Water Resources,
SRH,SACRAMENTO RIVER AT HOOD,SACRAMENTO R,SACRAMENTO,-121.519958,38.367981,4,CA Dept of Water Resources/Division of Environmental Service,
SRJ,STANISLAUS R NEAR JACOB MEYERS PARK,STANISLAUS R,SAN JOAQUIN,-120.9713,37.7469,98,CA Dept of Fish and Wildlife,
SRM,SHASTA RIVER NEAR MONTAGUE,SHASTA R,SISKIYOU,-122.538078,41.70903,"2,458",US Geological Survey,
SRV,SACRAMENTO RIVER AT RIO VISTA (USGS),SACRAMENTO R,SOLANO,-121.686,38.16,0,US Geological Survey,
SSC,STANISLAUS POWERHOUSE IN STAN. CANAL,STANISLAUS R,TUOLUMNE,-120.349,38.147,"2,715",CA Dept of Fish and Wildlife,
SSF,SOUTH FORK STANISLAUS R,STANISLAUS R,TUOLUMNE,-120.354,38.066,"1,600",CA Dept of Fish and Wildlife,
SSH,SALT SLOUGH AT HWY 165 NR STEVINSON,SAN JOAQUIN R,MERCED,-120.8511,37.2478,75,US Geological Survey,
SSI,SACRAMENTO R NR SHERMAN ISLAND,SACRAMENTO R,SACRAMENTO,-121.761736,38.074097,0,CA Dept of Water Resources/Division of Environmental Service,
SSS,STEAMBOAT SLOUGH BTW SAC R AND SUTTER SL,SACRAMENTO R,SACRAMENTO,-121.587,38.285,10,US Geological Survey,
ST3,STEVINSON WELL MW-OA-3,MERCED R,MERCED,-120.81444,37.33028,94,Stevinson Water District,
STG,STONY GORGE RESERVOIR,STONY CR,GLENN,-122.533,39.583,800,US Bureau of Reclamation,
STI,STATEN ISLAND,DELTA,SAN JOAQUIN,-121.498851,38.116919,0,US Bureau of Reclamation,
SUR,SUGAR CUT,DELTA,SAN JOAQUIN,-121.419333,37.78847,35,CA Dept of Water Resources/North Central Region Office,
SUT,SUTTER SLOUGH AT COURTLAND,SACRAMENTO R,SACRAMENTO,-121.5772,38.3286,0,US Geological Survey,
SWA,SAN JOAQUIN R NR WASHINGTON RD,SAN JOAQUIN R,MERCED,-120.587,37.11532,109,CA Dept of Water Resources/South Central Region Office,
SXS,STEAMBOAT SLOUGH NR SACRAMENTO R,SACRAMENTO R,SACRAMENTO,-121.637881,38.191267,5,CA Dept of Water Resources/North Central Region Office,
TAI,TUOLUMNE R ABV EARLY INTAKE NEAR MATHER,TUOLUMNE R,TUOLUMNE,-119.947128,37.879368,"2,420",US Geological Survey,
TBB,TRUCKEE R AT BOCA BRIDGE,TRUCKEE R,NEVADA,-120.0877,39.385185,"5,484",USGS and DWR,
TBI,TUOLUMNE R BL EARLY INTAKE NEAR MATHER,TUOLUMNE R,TUOLUMNE,-119.970184,37.881592,"2,200",US Geological Survey,
TBS,TUOLUMNE RIVER NEAR BASSO BRIDGE,TUOLUMNE R,STANISLAUS,-120.49465,37.65067,140,CA Dept of Fish and Wildlife,
TCB,TUOLUMNE RIVER NEAR CARPENTER RD BRIDGE,TUOLUMNE R,STANISLAUS,-121.0319,37.6098,48,CA Dept of Fish and Wildlife,
TCN,STANISLAUS R AT CONFLUENCE N AND M FORKS,STANISLAUS R,TUOLUMNE,-120.371,38.147,"1,200",CA Dept of Fish and Wildlife,
TDP,TULLOCK POWERHOUSE TAILRACE,STANISLAUS R,TUOLUMNE,-120.605,37.876,360,CA Dept of Fish and Wildlife,
TDS,TULLOCH DAM SPILLWAY,STANISLAUS R,TUOLUMNE,-120.602,37.874,475,CA Dept of Fish and Wildlife,
TEA,TEAL CLUB AT FRANK HORAN SLOUGH,DELTA,SOLANO,-122.0872,38.1766,0,CA Dept of Water Resources/Division of Environmental Service,
TGC,TUOLUMNE R AT THE GRAND CYN OF TUOLUMNE,TUOLUMNE R,TUOLUMNE,-119.659897,37.916588,"3,830",US Geological Survey,
THB,TUOLUMNE RIVER AT HICKMAN BRDG WATERFORD,TUOLUMNE R,STANISLAUS,-120.75928,37.63603,100,CA Dept of Fish and Wildlife,
TLA,TUOLUMNE R BLW LA GRANGE DAM (CAFG),TUOLUMNE R,STANISLAUS,-120.44377,37.66942,162,CA Dept of Fish and Wildlife,
TLK,TRINITY RIVER BELOW LIMEKILN GULCH,TRINITY R,TRINITY,-122.919,40.673,"1,650",US Geological Survey & US Bureau of Reclamation,
TLS,TUOLUMNE R NEAR LUMSDEN CAMPGROUND,TUOLUMNE R,TUOLUMNE,-120.05367,37.83612,"1,421",CA Dept of Fish and Wildlife,
TMS,THREE MILE SLOUGH,SACRAMENTO R,SACRAMENTO,-121.7,38.106,15,CA Dept of Water Resources,
TPI,TOM PAINE SLOUGH ABV INTAKE STRUCTURE,SAN JOAQUIN R,SAN JOAQUIN,-121.41851,37.7901,9,CA Dept of Water Resources,
TPS,TOM PAINE SLOUGH ABV THE MOUTH,SAN JOAQUIN R,SAN JOAQUIN,-121.418633,37.790535,9,CA Dept of Water Resources/North Central Region Office,
TRH,TUOLUMNE RIVER NEAR HETCH HETCHY,TUOLUMNE R,TUOLUMNE,-119.798233,37.93742,"3,430",US Geological Survey,
TRN,TURNER CUT NEAR HOLT,SAN JOAQUIN R,SAN JOAQUIN,-121.4542,37.9928,0,USGS and DWR,
TSB,TUOLUMNE RIVER AT SHILOH BRIDGE,TUOLUMNE R,STANISLAUS,-121.13138,37.60273,36,CA Dept of Fish and Wildlife,
TSF,TUOLUMNE RIVER NEAR SANTE FE BRIDGE,TUOLUMNE R,STANISLAUS,-120.89874,37.62291,45,CA Dept of Fish and Wildlife,
TSL,THREEMILE SLOUGH AT SAN JOAQUIN RIVER,SACRAMENTO R,SACRAMENTO,-121.6861,38.1033,10,USGS and DWR,
TTC,TRUCKEE RIVER AT TAHOE CITY,TRUCKEE R,PLACER,-120.144356,39.166294,"5,930",US Geological Survey,
TTK,TERMINAL TANK (KB004207),SF BAY,SANTA CLARA,-121.834,37.399,650,CA Dept of Water Resources/Operations and Maintenance,
TTS,TUOLUMNE R AT TURLOCK LK ST REC CAMPGRD,TUOLUMNE R,STANISLAUS,-120.5829,37.63153,110,CA Dept of Fish and Wildlife,
TUM,TUOLUMNE MEADOWS,TUOLUMNE R,TUOLUMNE,-119.35,37.873,"8,600",CA Dept of Water Resources,
TWA,OLD RIVER AT TRACY WILDLIFE ASSOCIATION,SAN JOAQUIN R,SAN JOAQUIN,-121.4574,37.8028,0,CA Dept of Water Resources/North Central Region Office,
TWI,SAN JOAQUIN RIVER AT TWITCHELL ISLAND,SAN JOAQUIN R,SACRAMENTO,-121.6691,38.0969,0,CA Dept of Water Resources/Division of Environmental Service,
UCC,UPPER CHERRY CK,TUOLUMNE R,TUOLUMNE,-119.901417,38.031331,"4,750",San Francisco County,
UCS,UPPER CACHE SLOUGH,SACRAMENTO R,SOLANO,-121.709167,38.275556,0,US Geological Survey,
ULC,ULTATIS CREEK,DELTA,SOLANO,-121.759722,38.294167,0,US Geological Survey,
UNI,UNION ISLAND,DELTA,SAN JOAQUIN,-121.37499,37.822101,0,US Bureau of Reclamation,
VCU,VICTORIA CANAL NEAR BYRON,DELTA,SAN JOAQUIN,-121.5283,37.8717,0,USGS and DWR,
VER,VERNALIS (USBR),SAN JOAQUIN R,SAN JOAQUIN,-121.265002,37.679376,0,US Bureau of Reclamation,
VIC,VICTORIA ISLAND,DELTA,SAN JOAQUIN,-121.488324,37.890763,0,US Bureau of Reclamation,
VLC,VOLCANIC KNOB,SAN JOAQUIN R,FRESNO,-118.903,37.388,"10,050",US Bureau of Reclamation,
VOL,VOLANTI,DELTA,SOLANO,-122.046,38.181,8,CA Dept of Water Resources/Division of Environmental Service,
VON,SACRAMENTO RIVER AT VERONA,SACRAMENTO R,SUTTER,-121.598068,38.774155,43,USGS and DWR,
VSB,VALLECITOS,SF BAY,ALAMEDA,-121.8193,37.5985,635,CA Dept of Water Resources/Operations and Maintenance,
W3B,WILLOW CK NR 3RD BRIDGE,RUSSIAN R,SONOMA,-123.06781,38.430408,82,National Weather Service,
W54,SAN JOAQUIN R - MONITORING WELL #54,SAN JOAQUIN R,MADERA,-120.3123,36.7826,165,US Bureau of Reclamation,
W75,SAN JOAQUIN R - MONITORING WELL #75,SAN JOAQUIN R,SAN JOAQUIN,-120.4707,36.9313,120,US Bureau of Reclamation,
W89,SAN JOAQUIN R - MONITORING WELL #89,SAN JOAQUIN R,FRESNO,-120.5444,37.028,100,US Bureau of Reclamation,
W90,SAN JOAQUIN R - MONITORING WELL #90,SAN JOAQUIN R,MERCED,-120.5848,37.1284,120,US Bureau of Reclamation,
W92,SAN JOAQUIN R - MONITORING WELL #92,SAN JOAQUIN R,MERCED,-120.5916,37.1045,100,US Bureau of Reclamation,
WCI,WEST CANAL AT CLIFTON COURT INTAKE,SAN JOAQUIN R,CONTRA COSTA,-121.554,37.8316,0,CA Dept of Water Resources/North Central Region Office,
WLK,SACRAMENTO RIVER BELOW WILKINS SLOUGH,SACRAMENTO R,SUTTER,-121.824692,39.009895,30,US Geological Survey,
WPC,TRINITY RIVER NEAR WEITCHPEC,TRINITY R,HUMBOLDT,-123.706,41.179,300,US Bureau of Reclamation,
WRM,DRY CK BLW WARM SPRINGS DAM,RUSSIAN R,SONOMA,-122.9994,38.7197,188,US Army Corps of Engineers,
WTP,WEITCHPEC WQ,KLAMATH R,HUMBOLDT,-123.701,41.1862,167,Yurok Tribe,
WVC,WEAVER CREEK NEAR WEAVERVILLE,TRINITY R,TRINITY,-122.93425,40.685478,"1,740",US Geological Survey,
YRS,YUBA RIVER NEAR SMARTVILLE,YUBA R,YUBA,-121.274124,39.235172,280,Pacific Gas & Electric,
